{"__type__":"cc.JsonAsset","_name":"guide","json":{"FPS2":25,"flagPoint":{"x":3,"y":-1044},"MapObj":{"loadLen":9,"fraArr":{"common/rbtn":"rbtn","common/upBtn":"upBtn","common/fbtn":"fbtn","common/attDes":"attDes","p_step":"p_step"},"atlArr":{"Map/tt":["0_cg_stick","0_cg_gun"],"Map/m0":["i_5","brige","p_water","sign0","sign","jia"],"Map/common":["p_archive","p_coin_0","p_apple","p_knife"],"Map/m0_":["f_3","f_7","f_11","f_10","f_4","f_8","f_9","f_5","f_2"]},"mcArr":{}},"layerRect":{"after":[{"x":410,"y":-363,"width":4157,"height":312},64,64],"floor_1":[{"x":1154,"y":-651,"width":2816,"height":588},64,64],"floor":[{"x":-3,"y":-450,"width":5120,"height":589},64,64],"before":[{"x":3354,"y":-352,"width":936,"height":205},64,64]},"MapRect":{"x":-3,"y":-651,"width":5120,"height":790},"infoObj":{},"nodeAllObj":{"after":{"0":[0,2299,-825,[]],"1":[1,2099,-799,[]],"2":[1,2265,-792,[]],"3":[2,4436,-688,[]],"4":[3,3584,-896,[]],"5":[3,3827,-896,[]],"6":[4,3582,-976,[]],"7":[4,3748,-976,[]],"8":[3,2689,-896,[]],"9":[3,2931,-896,[]],"10":[4,2684,-973,[]],"11":[4,2843,-974,[]],"12":[5,413,-687,[]],"13":[6,436,-713,[null,null,null,null,0.3846154,0.3923077]],"14":[5,1249,-681,[]],"15":[7,1271,-712,[null,null,null,null,0.4347826,0.408695638]],"16":[5,2038,-743,[]],"17":[8,2058,-771,[null,null,null,null,0.353333324,0.353333324]],"18":[9,3124,-728,[]],"19":[6,3135,-755,[null,null,null,null,0.4076923,0.41538462]],"20":[7,3227,-755,[null,null,null,null,0.460869551,0.460869551]],"21":[10,3194,-768,[null,null,null,null,0.426470578,0.426470578]],"22":[9,4095,-732,[]],"23":[11,4113,-746,[]]},"floor_1":{"24":[12,1157,-393,[null,null,null,null,null,9.666667]],"25":[12,1730,-493,[null,null,null,null,null,9.333333]],"26":[12,2949,-604,[null,null,null,null,null,7.85416651]],"27":[12,3921,-525,[null,null,null,null,null,7.875]]},"floor":{"28":[13,3072,-896,[]],"29":[13,3136,-896,[]],"30":[13,3200,-896,[]],"31":[13,3264,-896,[]],"32":[13,3328,-896,[]],"33":[13,3392,-896,[]],"34":[13,3456,-896,[]],"35":[14,3008,-896,[]],"36":[15,3520,-896,[]],"37":[16,3264,-960,[]],"38":[16,3328,-960,[]],"39":[16,3392,-960,[]],"40":[16,3456,-960,[]],"41":[16,3456,-1024,[]],"42":[16,3456,-1088,[]],"43":[16,3072,-1088,[]],"44":[16,3072,-1024,[]],"45":[16,3072,-960,[]],"46":[16,3136,-960,[]],"47":[16,3200,-960,[]],"48":[16,3200,-1024,[]],"49":[16,3136,-1024,[]],"50":[16,3136,-1088,[]],"51":[16,3200,-1088,[]],"52":[16,3264,-1024,[]],"53":[16,3328,-1024,[]],"54":[16,3392,-1024,[]],"55":[16,3392,-1088,[]],"56":[16,3328,-1088,[]],"57":[16,3264,-1088,[]],"58":[17,3008,-960,[]],"59":[17,3008,-1024,[]],"60":[17,3008,-1088,[]],"61":[18,3520,-960,[]],"62":[18,3520,-1024,[]],"63":[18,3520,-1088,[]],"64":[19,3072,-1152,[]],"65":[19,3136,-1152,[]],"66":[19,3200,-1152,[]],"67":[19,3264,-1152,[]],"68":[19,3328,-1152,[]],"69":[19,3392,-1152,[]],"70":[19,3456,-1152,[]],"71":[20,3520,-1152,[]],"72":[21,3008,-1152,[]],"73":[19,192,-1152,[]],"74":[19,256,-1152,[]],"75":[19,320,-1152,[]],"76":[19,384,-1152,[]],"77":[19,448,-1152,[]],"78":[19,512,-1152,[]],"79":[19,576,-1152,[]],"80":[19,640,-1152,[]],"81":[19,704,-1152,[]],"82":[19,768,-1152,[]],"83":[19,832,-1152,[]],"84":[19,896,-1152,[]],"85":[19,960,-1152,[]],"86":[19,1024,-1152,[]],"87":[19,1088,-1152,[]],"88":[19,1152,-1152,[]],"89":[19,1216,-1152,[]],"90":[20,1280,-1152,[]],"91":[13,192,-832,[]],"92":[13,256,-832,[]],"93":[13,320,-832,[]],"94":[13,384,-832,[]],"95":[13,448,-832,[]],"96":[13,512,-832,[]],"97":[13,576,-832,[]],"98":[13,640,-832,[]],"99":[13,704,-832,[]],"100":[13,768,-832,[]],"101":[13,896,-832,[]],"102":[13,832,-832,[]],"103":[13,960,-832,[]],"104":[13,1024,-832,[]],"105":[16,448,-896,[]],"106":[16,512,-896,[]],"107":[16,576,-896,[]],"108":[16,640,-896,[]],"109":[16,704,-896,[]],"110":[16,768,-896,[]],"111":[16,832,-896,[]],"112":[16,896,-896,[]],"113":[16,960,-896,[]],"114":[16,1024,-896,[]],"115":[16,1088,-896,[]],"116":[16,1152,-896,[]],"117":[16,1216,-896,[]],"118":[16,192,-896,[]],"119":[16,256,-896,[]],"120":[16,320,-896,[]],"121":[16,192,-960,[]],"122":[16,192,-1024,[]],"123":[16,192,-1088,[]],"124":[16,256,-1024,[]],"125":[16,320,-960,[]],"126":[16,384,-960,[]],"127":[16,384,-896,[]],"128":[16,256,-960,[]],"129":[16,256,-1088,[]],"130":[16,320,-1088,[]],"131":[16,384,-1088,[]],"132":[16,384,-1024,[]],"133":[16,448,-960,[]],"134":[16,512,-960,[]],"135":[16,320,-1024,[]],"136":[16,448,-1024,[]],"137":[16,512,-1024,[]],"138":[16,576,-1024,[]],"139":[16,640,-1024,[]],"140":[16,640,-960,[]],"141":[16,704,-960,[]],"142":[16,576,-960,[]],"143":[16,768,-960,[]],"144":[16,832,-960,[]],"145":[16,896,-960,[]],"146":[16,960,-960,[]],"147":[16,1024,-960,[]],"148":[16,1088,-960,[]],"149":[16,1152,-960,[]],"150":[16,1216,-960,[]],"151":[16,1088,-1024,[]],"152":[16,1024,-1024,[]],"153":[16,960,-1024,[]],"154":[16,896,-1024,[]],"155":[16,832,-1024,[]],"156":[16,768,-1024,[]],"157":[16,704,-1024,[]],"158":[16,512,-1088,[]],"159":[16,448,-1088,[]],"160":[16,576,-1088,[]],"161":[16,640,-1088,[]],"162":[16,704,-1088,[]],"163":[16,768,-1088,[]],"164":[16,832,-1088,[]],"165":[16,896,-1088,[]],"166":[16,960,-1088,[]],"167":[16,1024,-1088,[]],"168":[16,1088,-1088,[]],"169":[16,1152,-1088,[]],"170":[16,1216,-1024,[]],"171":[16,1152,-1024,[]],"172":[16,1216,-1088,[]],"173":[13,1472,-768,[]],"174":[13,1536,-768,[]],"175":[16,1408,-832,[]],"176":[16,1472,-832,[]],"177":[16,1536,-832,[]],"178":[16,1536,-896,[]],"179":[16,1472,-960,[]],"180":[16,1408,-960,[]],"181":[16,1344,-896,[]],"182":[16,1280,-896,[]],"183":[16,1408,-896,[]],"184":[16,1472,-896,[]],"185":[16,1280,-960,[]],"186":[16,1344,-960,[]],"187":[16,1280,-1024,[]],"188":[16,1280,-1088,[]],"189":[16,1344,-1088,[]],"190":[16,1344,-1024,[]],"191":[16,1408,-1088,[]],"192":[16,1472,-1088,[]],"193":[16,1472,-1024,[]],"194":[16,1408,-1024,[]],"195":[16,1536,-960,[]],"196":[16,1536,-1024,[]],"197":[16,1536,-1088,[]],"198":[15,1600,-768,[]],"199":[22,1671,-634,[]],"200":[22,1739,-594,[]],"201":[22,1800,-641,[]],"202":[16,1600,-896,[]],"203":[16,1792,-960,[]],"204":[16,1728,-960,[]],"205":[16,1664,-960,[]],"206":[16,1600,-960,[]],"207":[16,1600,-1024,[]],"208":[16,1664,-1024,[]],"209":[16,1728,-1024,[]],"210":[16,1792,-1024,[]],"211":[16,1792,-1088,[]],"212":[16,1728,-1088,[]],"213":[16,1664,-1088,[]],"214":[16,1600,-1088,[]],"215":[18,1600,-832,[]],"216":[13,1664,-896,[]],"217":[13,1728,-896,[]],"218":[13,1792,-896,[]],"219":[13,1856,-896,[]],"220":[13,1920,-896,[]],"221":[13,1984,-896,[]],"222":[13,2048,-896,[]],"223":[13,2112,-896,[]],"224":[13,2176,-896,[]],"225":[13,2240,-896,[]],"226":[13,2304,-896,[]],"227":[13,2368,-896,[]],"228":[13,2432,-896,[]],"229":[13,2496,-896,[]],"230":[13,2560,-896,[]],"231":[15,2624,-896,[]],"232":[16,1856,-960,[]],"233":[16,1920,-960,[]],"234":[16,1984,-960,[]],"235":[16,2048,-960,[]],"236":[16,2112,-960,[]],"237":[16,2176,-960,[]],"238":[16,2240,-960,[]],"239":[16,2304,-960,[]],"240":[16,2368,-960,[]],"241":[16,2432,-960,[]],"242":[16,2496,-960,[]],"243":[16,2560,-960,[]],"244":[16,2432,-1024,[]],"245":[16,2368,-1024,[]],"246":[16,2304,-1024,[]],"247":[16,2240,-1024,[]],"248":[16,2176,-1024,[]],"249":[16,2112,-1024,[]],"250":[16,2048,-1024,[]],"251":[16,1984,-1024,[]],"252":[16,1920,-1024,[]],"253":[16,1856,-1024,[]],"254":[16,1920,-1088,[]],"255":[16,1856,-1088,[]],"256":[16,1984,-1088,[]],"257":[16,2048,-1088,[]],"258":[16,2112,-1088,[]],"259":[16,2176,-1088,[]],"260":[16,2240,-1088,[]],"261":[16,2304,-1088,[]],"262":[16,2368,-1088,[]],"263":[16,2432,-1088,[]],"264":[16,2496,-1088,[]],"265":[16,2496,-1024,[]],"266":[16,2560,-1024,[]],"267":[16,2560,-1088,[]],"268":[18,2624,-960,[]],"269":[18,2624,-1024,[]],"270":[18,2624,-1088,[]],"271":[19,1280,-1152,[]],"272":[19,1344,-1152,[]],"273":[19,1408,-1152,[]],"274":[19,1472,-1152,[]],"275":[19,1536,-1152,[]],"276":[19,1600,-1152,[]],"277":[19,1664,-1152,[]],"278":[19,1728,-1152,[]],"279":[19,1792,-1152,[]],"280":[19,1856,-1152,[]],"281":[19,1920,-1152,[]],"282":[19,1984,-1152,[]],"283":[19,2048,-1152,[]],"284":[19,2112,-1152,[]],